cliente_id,total_compras,primera_compra,ultima_compra,cantidad_total,cantidad_promedio,cantidad_std,cantidad_mediana,cantidad_maxima,cantidad_minima,gasto_total_productos,gasto_promedio_productos,gasto_std_productos,gasto_mediano_productos,gasto_maximo_productos,gasto_minimo_productos,precio_unitario_promedio,precio_unitario_std,precio_unitario_max,precio_unitario_min,productos_distintos,categorias_distintas,marcas_distintas,ciudad,tipo_negocio,turno_preferido,valor_total_ventas,ticket_promedio_ventas,ticket_std_ventas,descuento_total,descuento_promedio,descuento_maximo,recencia_dias,periodo_cliente_dias,antiguedad_meses,frecuencia_mensual,diversidad_productos,diversidad_categorias,lealtad_marca,variabilidad_gasto,rango_precios,intensidad_descuento,tendencia_gasto,tendencia_cantidad,regularidad_compras,intervalo_promedio_dias,concentracion_estacional
1,241,2023-01-10,2024-12-30,6822,28.307,27.469,21.0,119,1,169615.13,703.797,493.645,549.7,2319.31,38.88,64.189,67.889,261.42,11.4,25,5,9,El ALTO,PIZZERIA,TARDE,458445.38,1902.263,1049.758,12205.13,50.644,135.77,721,720,24.0,9.64,0.10330578512396695,0.5,0.1,0.7004073513366259,250.02,0.026609039318265526,0.15549495006519717,0.24311712552496484,0.8150269993096436,9.113924050632912,0.17427385892116182
2,399,2023-01-01,2024-12-30,10010,25.088,25.987,17.0,124,1,269665.56,675.854,466.535,586.72,2667.98,12.23,68.348,70.83,262.49,11.55,25,5,9,El ALTO,PIZZERIA,TARDE,688150.42,1724.688,1160.654,16879.48,42.304,183.33,730,729,24.3,15.770750988142293,0.0625,0.5,0.1,0.6892697686650296,250.94,0.024514280681096467,0.1483869797785228,0.1000850581230507,0.7996421767316626,6.508928571428571,0.15288220551378445
3,426,2023-01-04,2024-12-30,10387,24.383,23.972,16.5,109,1,276341.65,648.689,437.787,537.74,2136.22,82.32,69.12,69.642,261.99,11.49,24,5,9,El ALTO,PIZZERIA,TARDE,724137.71,1699.854,964.477,17583.45,41.276,182.95,727,726,24.2,16.904761904761905,0.05620608899297424,0.5,0.1,0.6738408684770714,250.5,0.024267808994775566,0.02466321135001186,0.10609480812641077,0.9007667136031171,5.902439024390244,0.15492957746478872
4,333,2023-01-07,2024-12-29,7488,22.486,22.469,17.0,124,1,198113.56,594.936,401.435,506.1,2494.88,81.08,69.083,72.596,261.91,11.53,25,5,9,El ALTO,PIZZERIA,TARDE,615247.19,1847.589,1126.591,16050.27,48.199,153.6,724,722,24.066666666666666,13.284574468085106,0.0748502994011976,0.5,0.1,0.6736209928582935,250.38000000000002,0.026073399765983676,-0.0906336973085316,-0.006233956729006332,1.091167115014622,7.292929292929293,0.16816816816816818
5,404,2023-01-18,2024-12-26,10513,26.022,26.936,18.0,131,1,275217.19,681.231,486.353,561.84,2533.64,17.92,68.738,71.513,262.28,11.42,24,5,9,El ALTO,PIZZERIA,TARDE,756928.47,1873.585,1097.675,19945.87,49.371,181.11,713,708,23.6,16.422764227642276,0.05925925925925926,0.5,0.1,0.7128861045598925,250.85999999999999,0.02633702926247676,-0.004895209652109469,0.060385064177362925,0.8629184187983746,6.321428571428571,0.18316831683168316
6,293,2023-01-16,2024-12-12,7521,25.669,25.867,19.0,131,1,202606.3,691.489,478.947,527.28,2515.2,18.83,69.691,73.875,261.61,11.57,23,4,9,El ALTO,PIZZERIA,TARDE,484861.53,1654.818,845.693,11825.06,40.359,118.12,715,696,23.2,12.107438016528926,0.0782312925170068,0.4,0.1,0.6916312028061096,250.04000000000002,0.024374055602729285,-0.013391104000896936,-0.10089869281045745,0.8757749687508327,8.385542168674698,0.13651877133105803
7,218,2023-01-27,2024-12-18,5304,24.33,25.425,16.0,107,1,141630.35,649.681,487.02,505.32,2662.2,19.2,63.659,63.831,260.74,11.46,25,5,9,El ALTO,PIZZERIA,TARDE,425541.55,1952.025,1207.613,10938.13,50.175,170.24,704,691,23.033333333333335,9.070735090152565,0.1141552511415525,0.5,0.1,0.7484773644842864,249.28,0.02569091537486719,0.043008637770163886,-0.006646216768916214,0.8648924235136481,10.161764705882353,0.17889908256880735
8,414,2023-01-05,2024-12-29,9148,22.097,22.22,15.0,107,1,253264.06,611.749,405.941,502.64,2683.56,82.73,72.527,72.348,262.22,11.42,24,5,9,El ALTO,PIZZERIA,MAÑANA,784269.43,1894.371,1064.547,20394.54,49.262,182.56,726,724,24.133333333333333,16.47214854111406,0.05783132530120482,0.5,0.1,0.6624914932541709,250.80000000000004,0.02599068994935556,0.011813675746084778,0.057020435069215544,0.7387813913372883,6.464285714285714,0.11835748792270531
9,404,2023-01-02,2024-12-30,9796,24.248,24.737,16.0,115,1,271860.22,672.921,464.271,553.455,2728.5,32.68,70.144,72.172,262.32,11.44,24,5,9,El ALTO,FRIAL,TARDE,1427618.26,3533.709,1883.047,42863.7,106.098,327.12,729,728,24.266666666666666,15.989445910290238,0.05925925925925926,0.5,0.1,0.6889101244804657,250.88,0.03001604941170546,-0.027350684447292144,-0.09935379644588037,0.8260199883877407,7.067961165048544,0.13366336633663367
10,435,2023-01-06,2024-12-27,10044,23.09,24.081,14.0,134,1,277610.8,638.186,426.821,510.06,2358.72,70.64,73.754,71.334,262.16,11.42,25,5,9,El ALTO,FRIAL,MAÑANA,1347931.6,3098.693,1579.268,39638.75,91.124,233.01,725,721,24.033333333333335,17.376830892143808,0.05733944954128441,0.5,0.1,0.6677571160820168,250.74000000000004,0.02939775003524542,0.05718446306598856,0.07068965517241373,0.7353347518421224,6.008333333333334,0.12413793103448276
11,246,2023-01-06,2024-12-18,5917,24.053,23.656,18.5,132,1,157498.98,640.24,412.348,529.37,2647.92,106.08,70.579,71.732,261.89,11.5,25,5,9,El ALTO,PUESTO DE MERCADO,MAÑANA,481643.98,1957.902,798.313,12590.76,51.182,147.81,725,712,23.733333333333334,9.946091644204852,0.10121457489878542,0.5,0.1,0.6430478448006987,250.39,0.026127902263615027,0.08758099432135326,0.16209081309398093,0.9959789906564053,10.17142857142857,0.17479674796747968
12,369,2023-01-04,2024-12-26,9143,24.778,25.777,15.0,122,1,246674.69,668.495,471.057,520.45,2490.96,19.62,71.314,71.508,260.81,11.49,25,5,9,El ALTO,PUESTO DE MERCADO,MAÑANA,740965.37,2008.036,849.628,19606.91,53.135,135.61,727,722,24.066666666666666,14.720744680851064,0.06756756756756757,0.5,0.1,0.7036004749848767,249.32,0.026448007900306415,-0.02660809664526579,-0.1592485549132947,0.7883912581903403,6.9423076923076925,0.12195121951219512
13,278,2023-02-04,2024-12-28,6834,24.583,25.027,16.0,103,1,181471.42,652.775,437.544,552.98,2094.96,71.4,69.481,69.986,258.79,11.43,23,4,9,El ALTO,FRIAL,MAÑANA,954553.57,3433.646,1810.986,28657.02,103.083,333.68,696,693,23.1,11.535269709543568,0.08243727598566308,0.4,0.1,0.6692577721693244,247.36,0.030012699998777165,0.09870790491703989,0.00989707046714181,0.9385874301893906,8.6625,0.15467625899280577
14,244,2023-01-23,2024-12-27,6113,25.053,26.411,18.5,122,1,164257.34,673.186,468.588,538.165,2424.14,67.0,70.709,70.524,258.89,11.54,25,5,9,El ALTO,FRIAL,MAÑANA,877280.33,3595.411,1889.285,26323.25,107.882,283.13,708,704,23.466666666666665,9.972752043596731,0.10204081632653061,0.5,0.1,0.6950426143527157,247.35,0.02999712769202408,0.08119030855502961,0.07111544081831463,0.7898934256794545,9.263157894736842,0.12295081967213115
15,351,2023-01-02,2024-12-23,8647,24.635,24.507,18.0,132,1,236611.57,674.107,445.059,567.84,3429.58,81.36,69.131,70.346,261.6,11.54,24,5,9,El ALTO,FRIAL,MAÑANA,1183244.35,3371.067,1675.741,35321.42,100.631,246.17,729,721,24.033333333333335,14.021304926764314,0.06818181818181818,0.5,0.1,0.6592421645753933,250.06000000000003,0.029842526853707238,0.12135187422637078,0.08558072635742538,0.8085557190327285,6.9326923076923075,0.15384615384615385
16,372,2023-01-02,2024-12-30,9114,24.5,25.438,16.0,114,1,245118.02,658.919,444.655,542.71,2423.3,23.48,69.498,71.715,260.5,11.45,24,5,9,El ALTO,FRIAL,MAÑANA,1284579.75,3453.171,1780.482,38561.96,103.661,312.3,729,728,24.266666666666666,14.722955145118734,0.064343163538874,0.5,0.1,0.6738023908994891,249.05,0.03001038454668284,-0.010803843578698284,0.07676767676767665,0.9895414516730703,7.353535353535354,0.12903225806451613
17,311,2023-01-04,2024-12-30,6589,21.186,23.088,13.0,131,1,190118.94,611.315,422.894,514.65,2499.84,44.86,75.887,73.547,262.38,11.48,24,5,9,El ALTO,FRIAL,MAÑANA,1087097.91,3495.492,1704.57,32462.31,104.38,287.66,727,726,24.2,12.341269841269842,0.07692307692307693,0.5,0.1,0.6906477874949984,250.9,0.029852778155934574,0.24775052755579435,0.3401191658391262,0.831857834456949,8.066666666666666,0.13504823151125403
18,422,2023-01-10,2024-12-31,10044,23.801,24.139,16.0,112,1,269694.35,639.086,459.875,544.09,2725.45,29.38,67.582,69.706,262.33,11.4,25,5,9,El ALTO,FRIAL,MAÑANA,1390820.04,3295.782,1559.031,41621.16,98.628,255.72,721,721,24.033333333333335,16.857523302263647,0.0591016548463357,0.5,0.1,0.7184581446868077,250.92999999999998,0.029916445794717392,-0.15100815059459044,-0.1285921625544267,0.771142006268043,6.554545454545455,0.16587677725118483
19,389,2023-01-18,2024-12-30,9088,23.362,23.061,17.0,112,1,240079.18,617.17,422.131,508.0,2924.32,20.4,67.778,70.03,262.09,11.46,25,5,9,El ALTO,FRIAL,MAÑANA,1333784.76,3428.753,1572.702,40015.08,102.867,246.19,713,712,23.733333333333334,15.727762803234501,0.0641025641025641,0.5,0.1,0.682872025494605,250.62999999999997,0.029992538821308708,-0.03144608242775342,-0.06627043090638922,0.7176126116662148,6.300884955752212,0.12082262210796915
20,285,2023-01-04,2024-12-29,6573,23.063,24.081,16.0,120,1,181539.85,636.982,425.246,553.56,3121.2,18.25,75.12,74.761,262.03,11.56,24,5,9,El ALTO,FRIAL,MAÑANA,905242.6,3176.29,1562.407,26817.82,94.098,278.69,727,725,24.166666666666668,11.324503311258278,0.08391608391608392,0.5,0.1,0.6665485860102636,250.46999999999997,0.029615804663722857,0.05169497970163774,-0.031209362808842605,0.7726635281186012,8.630952380952381,0.12631578947368421
21,336,2023-01-19,2024-12-31,8041,23.932,23.846,17.0,99,1,212465.13,632.337,417.431,528.71,2023.5,67.25,67.92,68.668,262.19,11.5,24,5,9,El ALTO,FRIAL,MAÑANA,1073634.89,3195.342,1519.901,31882.49,94.888,247.76,712,712,23.733333333333334,13.584905660377357,0.0712166172106825,0.5,0.1,0.6590977631182136,250.69,0.029686435306359584,0.16229434471386273,0.13941220798794265,0.9252244256225799,7.26530612244898,0.13095238095238096
22,382,2023-01-13,2024-12-31,9498,24.864,24.416,21.0,131,1,253464.15,663.519,440.792,547.65,2322.18,83.88,68.981,71.543,260.79,11.46,24,5,9,El ALTO,PUESTO DE MERCADO,MAÑANA,765313.08,2003.437,873.773,19964.57,52.263,151.83,718,718,23.933333333333334,15.320855614973262,0.06266318537859007,0.5,0.1,0.6633249011691162,249.33,0.026073655595062355,0.08737797261504503,0.11646458200382899,0.9239667837677766,6.410714285714286,0.19109947643979058
23,339,2023-01-10,2024-12-29,8095,23.879,24.982,15.0,112,1,223624.7,659.66,460.572,532.56,2347.52,87.2,71.454,73.575,262.21,11.63,24,5,9,El ALTO,PUESTO DE MERCADO,MAÑANA,716119.5,2112.447,966.396,19285.78,56.89,147.29,721,719,23.966666666666665,13.578104138851803,0.07058823529411765,0.5,0.1,0.6971392244119518,250.57999999999998,0.02691811055588335,0.0354249750791042,0.02588147036759191,0.8716603500271853,7.815217391304348,0.16224188790560473
24,296,2023-01-17,2024-12-22,7829,26.449,26.906,18.0,117,1,205783.5,695.215,505.797,566.76,2851.29,22.44,67.545,67.966,261.81,11.56,25,5,9,El ALTO,PUESTO DE MERCADO,MAÑANA,656762.8,2218.793,885.174,17730.56,59.901,139.35,714,705,23.5,12.081632653061224,0.08417508417508418,0.5,0.1,0.7264954073095237,250.25,0.02698494859655833,0.05904859950621435,-0.003473562331146292,0.9140915210504598,8.8125,0.125
25,453,2023-01-01,2024-12-27,11811,26.073,27.401,18.0,134,1,303752.53,670.535,474.634,532.92,2375.24,19.87,68.317,70.049,262.47,11.46,25,5,9,El ALTO,PUESTO DE MERCADO,MAÑANA,932653.5,2058.838,920.183,25047.57,55.293,145.88,730,726,24.2,17.976190476190478,0.05506607929515418,0.5,0.1,0.7067896684461719,251.01000000000002,0.026843373119633678,-0.030154178262455696,-0.09464450600184675,0.8916181880139498,6.368421052631579,0.1346578366445916
26,330,2023-01-27,2024-12-25,8052,24.4,24.051,19.0,115,1,209942.43,636.189,426.448,519.74,2357.25,15.3,66.92,68.276,261.57,11.42,25,5,9,El ALTO,FRIAL,MAÑANA,1169348.96,3543.482,1500.146,35518.94,107.633,267.97,704,698,23.266666666666666,13.598901098901099,0.0755287009063444,0.5,0.1,0.6692645353262533,250.15,0.030366355365889854,-0.17025945170231516,-0.16860465116279072,0.8576239402870227,7.7555555555555555,0.16666666666666666
27,280,2023-01-02,2024-12-30,6274,22.407,22.258,17.5,105,1,160515.16,573.268,392.252,465.72,2043.84,72.45,67.277,71.628,262.16,11.49,24,5,9,El ALTO,PUESTO DE MERCADO,MAÑANA,579545.2,2069.804,1124.108,15241.05,54.432,190.53,729,728,24.266666666666666,11.08179419525066,0.08540925266903915,0.5,0.1,0.6830469397563507,250.67000000000002,0.026285442755567403,0.013628398055705503,0.052752293577981564,1.049694801495059,10.253521126760564,0.13214285714285715
28,445,2023-01-04,2024-12-31,11131,25.013,25.525,17.0,109,1,298363.83,670.481,445.979,558.6,2725.26,85.62,69.14,70.337,262.28,11.44,25,5,9,El ALTO,FRIAL,MAÑANA,1397415.41,3140.259,1519.332,41209.67,92.606,226.84,727,727,24.233333333333334,17.635402906208718,0.05605381165919283,0.5,0.1,0.6641721805978129,250.83999999999997,0.029480536307257693,-0.009242659543359158,0.011651993785603396,0.963159349221313,6.609090909090909,0.15955056179775282
29,320,2023-01-23,2024-12-22,7775,24.297,25.226,17.0,110,1,197708.36,617.839,458.23,494.6,2180.2,37.05,65.246,67.407,261.34,11.5,25,5,9,El ALTO,FRIAL,MAÑANA,1083707.01,3386.584,1510.184,32641.0,102.003,320.37,708,699,23.3,13.168724279835391,0.0778816199376947,0.5,0.1,0.7404672297641228,249.83999999999997,0.03011084005592186,0.006418237781330916,0.016563146997929643,0.7675713307052733,7.943181818181818,0.134375
30,356,2023-01-15,2024-12-27,9214,25.882,25.559,18.0,124,1,236955.23,665.605,468.028,531.16,2453.96,44.4,63.886,67.348,262.43,11.41,25,5,9,El ALTO,FRIAL,MAÑANA,1265061.3,3553.543,1606.045,38046.05,106.871,280.45,716,712,23.733333333333334,14.393530997304582,0.0700280112044818,0.5,0.1,0.7021069448924026,251.02,0.030066030991888405,0.05587180005102882,0.07850834151128565,1.0204702264532874,6.780952380952381,0.1348314606741573
31,451,2023-01-01,2024-12-27,10958,24.297,25.508,15.0,134,1,294918.31,653.921,473.399,549.75,2647.7,49.6,69.773,69.278,260.87,11.42,25,5,9,El ALTO,PIZZERIA,MAÑANA,801834.06,1777.903,1069.473,20300.68,45.013,155.28,730,726,24.2,17.8968253968254,0.05530973451327434,0.5,0.1,0.722833746360248,249.45000000000002,0.025303796778126744,-0.05153105067173385,-0.06946564885496184,0.7422793967636009,5.902439024390244,0.1352549889135255
32,392,2023-01-19,2024-12-30,9850,25.128,25.861,19.5,126,1,264279.71,674.183,449.003,534.75,3276.0,51.39,70.356,72.705,261.46,11.5,24,5,9,El ALTO,FRIAL,MAÑANA,1358982.18,3466.791,1724.259,41051.61,104.723,303.32,712,711,23.7,15.870445344129555,0.061068702290076333,0.5,0.1,0.6650093382090485,249.95999999999998,0.03019876342028686,0.05936507764594596,0.14695340501792115,0.9426260273576217,6.644859813084112,0.1377551020408163
33,383,2023-01-05,2024-12-21,8975,23.433,23.52,17.0,122,1,239991.46,626.61,425.149,521.3,2751.1,38.36,70.104,74.895,262.26,11.49,25,5,9,El ALTO,FRIAL,MAÑANA,1335274.64,3486.357,1657.197,40182.14,104.914,270.71,726,716,23.866666666666667,15.402144772117962,0.06510416666666667,0.5,0.1,0.6774095377702714,250.76999999999998,0.030084100939479382,-0.018550116239638256,-0.09681569636539085,0.838314123113716,7.16,0.13054830287206268
34,238,2023-01-05,2024-12-26,5434,22.832,23.976,14.0,107,1,146845.41,616.998,469.167,518.56,2778.79,13.78,63.724,62.329,258.99,11.42,25,5,9,El ALTO,TIENDA,MAÑANA,198162.98,832.618,476.45,2416.62,10.154,71.67,726,721,24.033333333333335,9.507323568575233,0.10460251046025104,0.5,0.1,0.7591723597810995,247.57000000000002,0.012180639093685596,-0.051136382945462446,0.08194701170671596,0.8217728103147187,10.602941176470589,0.19327731092436976
35,342,2023-01-01,2024-12-25,8491,24.827,25.176,18.5,134,1,226845.97,663.292,439.661,555.0,2406.64,31.62,66.369,68.006,260.99,11.53,25,5,9,El ALTO,FRIAL,MAÑANA,1260463.64,3685.566,1674.224,38086.01,111.363,231.35,730,724,24.133333333333333,13.607427055702917,0.0728862973760933,0.5,0.1,0.6618490061599417,249.46,0.03020778686723634,0.003055101318232131,-0.062066792690611196,0.905724676754832,7.1683168316831685,0.10526315789473684
36,373,2023-01-25,2024-12-28,8883,23.815,26.009,15.0,131,1,240641.46,645.151,468.254,506.56,2757.7,73.84,70.473,69.11,261.28,11.43,25,5,9,El ALTO,PIZZERIA,MAÑANA,626968.3,1680.88,1082.543,15860.47,42.521,163.29,706,703,23.433333333333334,15.266030013642565,0.06684491978609626,0.5,0.1,0.7246820015754832,249.84999999999997,0.025281827478773753,-0.1235977903248134,0.0017674089784375602,0.7811377440038213,6.4495412844036695,0.12332439678284182
37,298,2023-01-03,2024-12-31,7643,25.648,26.065,18.5,131,1,196450.1,659.229,475.52,527.19,2736.59,75.18,66.882,70.493,262.25,11.42,23,4,9,El ALTO,PUESTO DE MERCADO,MAÑANA,585384.88,1964.379,776.253,15429.57,51.777,129.56,728,728,24.266666666666666,11.794195250659632,0.07692307692307693,0.4,0.1,0.7202349487829223,250.83,0.026344537109636364,0.020303265869905256,-0.03853639548462437,0.9912678207929428,8.564705882352941,0.14093959731543623
38,430,2023-01-05,2024-12-30,10488,24.391,25.625,16.0,120,1,280535.01,652.407,485.644,535.705,2714.4,24.26,66.438,67.27,261.97,11.45,25,5,9,El ALTO,PUESTO DE MERCADO,MAÑANA,834905.82,1941.641,948.287,21529.67,50.069,163.63,726,725,24.166666666666668,17.086092715231786,0.058004640371229696,0.5,0.1,0.7432488479615308,250.52000000000004,0.025773676145000545,-0.06728702149338542,-0.06337470293108008,0.733207488727343,6.041666666666667,0.10697674418604651
39,376,2023-01-08,2024-12-31,9315,24.774,24.725,17.0,129,1,238363.28,633.945,424.723,528.995,2632.89,31.56,63.927,67.911,262.47,11.42,25,5,9,El ALTO,FRIAL,TARDE,1202797.05,3198.928,1671.826,35432.18,94.235,255.04,723,723,24.1,14.9800796812749,0.06631299734748011,0.5,0.1,0.6689130554614966,251.05000000000004,0.02944910010475236,-0.12214216364010608,-0.04028436018957336,0.8717593171054397,7.453608247422681,0.15159574468085107
40,454,2023-01-01,2024-12-31,11154,24.568,24.606,17.0,131,1,307857.81,678.101,482.266,543.005,3324.78,47.48,68.34,70.657,262.47,11.43,25,5,9,El ALTO,SALCHIPAPERIA,TARDE,282892.77,623.112,506.113,2841.57,6.259,90.04,730,730,24.333333333333332,17.92105263157895,0.054945054945054944,0.5,0.1,0.7101535706765268,251.04000000000002,0.010028648704078756,0.05555782610527026,0.031249999999999986,0.8920544692255751,5.748031496062992,0.15198237885462554
41,397,2023-01-01,2024-12-31,8638,21.758,23.234,16.0,119,1,231912.01,584.161,427.93,483.7,2763.2,29.28,66.963,68.184,262.24,11.48,25,5,9,El ALTO,FRIAL,MAÑANA,1409522.31,3550.434,1741.359,42094.67,106.032,276.15,730,730,24.333333333333332,15.671052631578949,0.06281407035175879,0.5,0.1,0.7313030089154952,250.76000000000002,0.02985610882815223,0.01064813459326216,-0.040728170317803146,0.7814821083775916,6.636363636363637,0.12342569269521411
42,231,2023-01-09,2024-12-26,6501,28.143,28.984,19.0,117,1,163524.5,707.898,530.167,576.4,2555.0,18.77,65.278,65.746,259.01,11.55,24,5,9,El ALTO,FRIAL,MAÑANA,826354.01,3577.29,1336.154,25068.87,108.523,220.95,722,717,23.9,9.27710843373494,0.10344827586206896,0.5,0.1,0.7478748705737638,247.45999999999998,0.030328173513046734,-0.12756793675297662,-0.09826860084230227,0.8732012206446454,9.821917808219178,0.14285714285714285
43,387,2023-01-04,2024-12-31,9483,24.504,25.047,18.0,115,1,252214.21,651.716,463.877,513.2,2441.0,62.3,69.254,71.68,260.43,11.52,25,5,9,El ALTO,HAMBURGUESERIA,MAÑANA,315649.89,815.633,570.517,4560.71,11.785,78.81,727,727,24.233333333333334,15.336856010568031,0.06443298969072164,0.5,0.1,0.7106873433468768,248.91,0.014431207164050436,0.11660812400642624,0.19790009545020687,0.8036437788039289,7.652631578947369,0.15503875968992248
44,352,2023-01-02,2024-12-26,8531,24.236,25.044,16.0,112,1,227585.48,646.55,457.948,531.505,2104.48,12.5,67.793,69.91,262.33,11.61,25,5,9,El ALTO,PUESTO DE MERCADO,MAÑANA,730257.08,2074.594,814.612,19859.33,56.419,175.17,729,724,24.133333333333333,14.005305039787798,0.0708215297450425,0.5,0.1,0.7072009883406687,250.71999999999997,0.027182098233084116,0.09166253342111283,0.0963302752293579,0.8756587275774628,7.24,0.21875
45,322,2023-01-01,2024-12-28,7649,23.755,24.088,16.0,117,1,206618.33,641.672,420.746,519.975,2267.46,68.82,70.836,72.543,262.13,11.47,25,5,9,El ALTO,FRIAL,MAÑANA,1168782.73,3629.76,1750.378,34958.7,108.567,283.26,730,727,24.233333333333334,12.760898282694848,0.07739938080495357,0.5,0.1,0.6546823262877486,250.66,0.02990200398814573,0.003814941791338293,0.09345047923322686,0.8679880646819444,8.35632183908046,0.13975155279503104
46,258,2023-01-01,2024-12-29,6395,24.787,24.1,20.0,114,1,167637.34,649.757,434.169,547.98,2496.6,17.35,67.737,68.855,258.35,11.42,25,5,9,El ALTO,FRIAL,MAÑANA,766724.86,2971.802,1300.465,22581.14,87.524,199.15,730,728,24.266666666666666,10.211081794195252,0.09652509652509653,0.5,0.1,0.6671753050677903,246.93000000000004,0.02944158406782557,-0.04842798279544002,0.06022340942204965,1.183949837089283,9.972602739726028,0.2054263565891473
47,423,2023-01-18,2024-12-31,10270,24.279,24.833,17.0,119,1,273962.77,647.666,432.902,524.4,2221.83,60.75,68.934,70.252,262.13,11.47,25,5,9,El ALTO,PIZZERIA,MAÑANA,765743.07,1810.267,1025.061,19708.59,46.592,143.58,713,713,23.766666666666666,17.079407806191117,0.0589622641509434,0.5,0.1,0.667372731112776,250.66,0.025723430063044266,0.04500852180664524,0.09487612612612605,0.7988978472611767,6.094017094017094,0.18912529550827423
48,409,2023-01-03,2024-12-29,10508,25.692,26.624,17.0,126,1,274906.01,672.142,497.976,538.5,3131.1,19.2,69.315,72.908,261.86,11.41,25,5,9,El ALTO,PIZZERIA,MAÑANA,711514.84,1739.645,904.076,17366.13,42.46,148.92,728,726,24.2,16.23015873015873,0.06097560975609756,0.5,0.1,0.7397785311271619,250.45000000000002,0.02439325652272577,0.16090464035940372,0.13155528918190001,0.7678899533472255,6.54054054054054,0.1295843520782396
49,316,2023-01-08,2024-12-31,7335,23.212,22.357,17.5,114,1,194806.71,616.477,379.063,527.735,2189.94,15.11,67.68,69.33,257.6,11.49,23,4,9,El ALTO,PUESTO DE MERCADO,MAÑANA,658289.17,2083.194,982.326,17501.14,55.383,147.0,723,723,24.1,12.589641434262948,0.07255520504731862,0.4,0.1,0.6138900720188768,246.11,0.026572862219160023,-0.031085583214679077,-0.04405458089668615,0.9408623867982251,8.406976744186046,0.17088607594936708
50,395,2023-01-04,2024-12-14,8973,22.716,23.073,16.0,109,1,233842.54,592.006,394.501,502.92,2292.48,34.65,72.308,75.45,261.88,11.42,24,5,9,El ALTO,HAMBURGUESERIA,MAÑANA,305734.18,774.011,494.05,3644.69,9.227,76.01,727,710,23.666666666666668,16.013513513513512,0.06060606060606061,0.5,0.1,0.6652563380471699,250.46,0.011905637468371418,-0.04125731976551838,-0.03506493506493499,0.7699241065837649,6.96078431372549,0.14936708860759493
51,355,2023-01-01,2024-12-25,8491,23.918,24.611,15.0,114,1,227991.03,642.228,442.793,522.28,2824.92,11.63,69.557,71.841,262.01,11.51,24,5,9,El ALTO,FRIAL,MAÑANA,1208696.77,3404.78,1553.96,36504.48,102.83,253.16,730,724,24.133333333333333,14.124668435013263,0.06741573033707865,0.5,0.1,0.6883919854235202,250.5,0.030192789904221643,0.18210945307987966,0.07761087267525048,0.7838160988188982,7.1683168316831685,0.1352112676056338
52,366,2023-01-03,2024-12-18,9041,24.702,25.436,17.0,119,1,241834.4,660.75,462.88,539.095,2669.17,53.28,68.654,70.474,260.42,11.52,24,5,9,El ALTO,PUESTO DE MERCADO,MAÑANA,779794.52,2130.586,934.791,20970.52,57.297,153.67,728,715,23.833333333333332,14.738255033557047,0.0653950953678474,0.5,0.1,0.699478655081224,248.9,0.026879985137826953,-0.08290013350017499,-0.0720496894409937,0.9784937625797432,7.447916666666667,0.11748633879781421
53,265,2023-01-08,2024-12-23,6811,25.702,24.886,20.0,129,1,173895.96,656.211,435.95,557.48,2113.1,48.2,64.689,68.085,261.7,11.43,23,4,9,El ALTO,FRIAL,MAÑANA,835555.4,3153.039,1943.357,24700.96,93.211,289.76,723,715,23.833333333333332,10.671140939597317,0.08646616541353383,0.4,0.1,0.6633333891246495,250.26999999999998,0.02955290026534231,-0.05429404860202948,-0.048790487904879026,0.8431866962386235,9.285714285714286,0.1811320754716981
54,465,2023-01-07,2024-12-29,11079,23.826,24.293,17.0,132,1,295122.81,634.673,428.928,541.8,2510.3,32.64,70.481,73.371,262.29,11.41,25,5,9,El ALTO,MINIMARKET,MAÑANA,648590.11,1394.817,647.713,13717.51,29.5,99.73,724,722,24.066666666666666,18.550531914893618,0.0536480686695279,0.5,0.1,0.6747620238707638,250.88000000000002,0.02113457566428837,0.1054842633679987,0.07766990291262132,0.8254222258109299,6.067226890756302,0.2021505376344086
55,335,2023-01-19,2024-12-31,8744,26.101,25.578,19.0,110,1,225369.77,672.746,451.582,560.25,2267.2,82.57,66.585,70.65,262.35,11.49,25,5,9,El ALTO,FRIAL,MAÑANA,1065930.3,3181.881,1568.985,31609.29,94.356,243.86,712,712,23.733333333333334,13.544474393530997,0.0744047619047619,0.5,0.1,0.6702555562482003,250.86,0.02964484063337586,0.12180070075944238,0.07184846505551924,0.8569426088632044,7.739130434782608,0.14029850746268657
56,426,2023-01-10,2024-12-30,10454,24.54,24.905,17.0,107,1,281157.63,659.994,466.413,547.19,2245.93,82.32,70.697,71.941,261.89,11.48,25,5,9,El ALTO,PIZZERIA,MAÑANA,755189.17,1772.745,1132.403,19420.16,45.587,166.47,721,720,24.0,17.04,0.0585480093676815,0.5,0.1,0.7056236516519061,250.41,0.02570098858629623,-0.11932130138593172,-0.1275,0.8315801764278463,6.371681415929204,0.15258215962441316
57,384,2023-01-12,2024-12-30,9965,25.951,26.397,18.0,129,1,262292.82,683.054,466.803,608.71,2661.75,84.15,71.47,73.8,262.1,11.46,23,4,9,El ALTO,FRIAL,TARDE,1247252.23,3248.053,1687.569,36751.98,95.708,263.71,719,718,23.933333333333334,15.401069518716577,0.05974025974025974,0.4,0.1,0.6824066521064127,250.64000000000001,0.02945719875914613,-0.10356275707100256,-0.1596865711969738,0.8371065404642467,7.108910891089109,0.125
58,324,2023-01-11,2024-12-16,7889,24.349,24.196,17.5,126,1,210843.09,650.75,430.369,543.325,2472.12,34.48,69.925,71.286,262.11,11.46,24,5,9,El ALTO,PIZZERIA,TARDE,585033.47,1805.659,1060.571,14932.68,46.089,157.18,720,705,23.5,13.224489795918368,0.07384615384615385,0.5,0.1,0.6603283467587265,250.65,0.0255106248605852,0.07813080482039571,0.12134052388289666,0.9005829193956569,7.747252747252747,0.13271604938271606
59,341,2023-01-09,2024-12-29,8830,25.894,25.416,19.0,110,1,236103.47,692.386,467.348,557.38,2668.58,43.65,67.327,68.858,260.2,11.44,25,5,9,El ALTO,SALCHIPAPERIA,TARDE,235186.82,689.697,429.394,2238.11,6.563,35.83,722,720,24.0,13.64,0.07309941520467836,0.5,0.1,0.6740084166683493,248.76,0.009501995810029579,-0.04592238623054847,0.002017484868863402,0.9272897842076272,7.659574468085107,0.1378299120234604
60,322,2023-01-13,2024-12-30,7834,24.329,23.446,18.0,102,1,198309.96,615.869,415.464,502.56,2039.4,71.4,63.43,66.819,262.49,11.43,25,5,9,El ALTO,SALCHIPAPERIA,TARDE,216289.92,671.708,427.338,2025.45,6.29,37.97,718,717,23.9,12.931726907630523,0.07739938080495357,0.5,0.1,0.6735044231433254,251.06,0.009350267872539052,0.22446152344820874,0.20600500417014175,0.7813472914571284,7.793478260869565,0.13043478260869565
61,400,2023-01-10,2024-12-21,9126,22.815,23.243,16.0,132,1,250095.6,625.239,422.363,528.39,2382.6,56.55,67.87,69.054,261.8,11.44,25,5,9,El ALTO,FRIAL,TARDE,1333293.93,3333.235,1659.273,39786.17,99.465,283.38,721,711,23.7,16.194331983805668,0.06234413965087282,0.5,0.1,0.6744437826452839,250.36,0.029831430598023234,-0.08558008511042907,-0.1530147895335609,0.747568326110635,6.2368421052631575,0.115
62,425,2023-01-01,2024-12-31,10281,24.191,24.14,17.0,112,1,274604.45,646.128,421.625,549.3,2645.04,23.93,67.813,68.775,262.05,11.43,25,5,9,El ALTO,PUESTO DE MERCADO,MAÑANA,808057.92,1901.313,883.044,20775.32,48.883,158.71,730,730,24.333333333333332,16.776315789473685,0.05868544600938967,0.5,0.1,0.6515326179673882,250.62,0.025696612492265992,-0.12276607930048862,-0.06268338223526265,0.8695435896128977,6.1344537815126055,0.12
63,365,2023-01-01,2024-12-25,9989,27.367,26.783,21.0,129,1,256354.87,702.342,461.887,571.45,2518.08,36.62,68.688,72.862,261.61,11.44,23,4,9,El ALTO,PIZZERIA,TARDE,738425.12,2023.083,1126.639,19779.71,54.191,152.58,730,724,24.133333333333333,14.522546419098143,0.06284153005464481,0.4,0.1,0.6567032823292225,250.17000000000002,0.0267731115769462,0.0008951545665389803,0.03225806451612903,1.098172309195641,7.78494623655914,0.15342465753424658
64,400,2023-01-16,2024-12-24,9395,23.488,23.475,16.5,117,1,254962.27,637.406,414.09,539.7,2357.5,70.6,71.698,72.34,262.2,11.41,25,5,9,LA PAZ,PIZZERIA,MAÑANA,777744.73,1944.362,1220.099,20366.47,50.916,159.3,715,708,23.6,16.260162601626014,0.06234413965087282,0.5,0.1,0.6486311218879522,250.79,0.02617302075397792,0.0401297960027504,0.15132858068697339,0.8201295523162121,6.742857142857143,0.145
65,471,2023-01-06,2024-12-28,12514,26.569,26.414,19.0,127,1,325138.07,690.314,458.363,569.66,2499.36,20.59,68.833,73.21,262.01,11.47,23,4,9,LA PAZ,FRIAL,MAÑANA,1429194.67,3034.384,1512.256,41863.15,88.881,230.19,725,722,24.066666666666666,18.789893617021278,0.048728813559322036,0.4,0.1,0.6630315601882791,250.54,0.029281632900483103,-0.015130808477975278,-0.05269461077844307,0.788796236564633,5.869918699186992,0.10828025477707007
66,331,2023-01-03,2024-12-26,8325,25.151,26.249,17.0,131,1,209331.61,632.422,475.864,505.7,2760.6,63.72,66.95,71.608,262.22,11.5,25,5,9,LA PAZ,PUESTO DE MERCADO,MAÑANA,751986.05,2271.861,1098.332,20322.55,61.397,170.5,728,723,24.1,13.187250996015935,0.07530120481927711,0.5,0.1,0.7512590342615191,250.72000000000003,0.027013090549752053,0.2516012657909373,0.2822739834188709,0.8133401839872096,7.945054945054945,0.1510574018126888
67,318,2023-01-03,2024-12-18,6781,21.324,21.498,16.0,109,1,188407.61,592.477,384.167,496.585,2711.1,85.48,72.497,73.676,259.99,11.65,25,5,9,LA PAZ,PUESTO DE MERCADO,MAÑANA,623692.64,1961.298,847.329,15877.91,49.931,140.17,728,715,23.833333333333332,12.805369127516778,0.07836990595611286,0.5,0.1,0.6473157342239042,248.34,0.025445166840102777,0.006604138618814112,0.19990850869167426,0.8094003869079726,8.511904761904763,0.1540880503144654
68,343,2023-01-14,2024-12-31,9401,27.408,27.741,21.0,124,1,237274.68,691.763,497.069,553.2,2586.35,112.06,66.24,68.024,262.33,11.58,24,5,9,LA PAZ,PUESTO DE MERCADO,MAÑANA,661175.05,1927.624,824.227,17105.59,49.871,144.06,717,717,23.9,13.775100401606426,0.06976744186046512,0.5,0.1,0.7175166687597345,250.74999999999997,0.02585833215805673,-0.06858743183819116,-0.06928066037735855,0.8046543645379988,6.401785714285714,0.13411078717201166
69,329,2023-01-10,2024-12-28,7461,22.678,22.48,16.0,110,1,194285.75,590.534,394.024,500.52,2139.9,58.2,68.138,69.363,262.21,11.4,25,5,9,LA PAZ,MINIMARKET,MAÑANA,494518.19,1503.095,731.58,10587.85,32.182,122.54,721,718,23.933333333333334,13.195187165775401,0.07575757575757576,0.5,0.1,0.6661054140590398,250.80999999999997,0.021396254890814745,-0.02317817696470012,-0.013272501036914224,0.8204523192561827,7.557894736842106,0.1276595744680851
70,312,2023-01-23,2024-12-28,8109,25.99,26.1,19.0,134,1,211948.72,679.323,472.122,546.53,2623.84,18.51,68.596,71.992,260.58,11.45,25,5,9,LA PAZ,PUESTO DE MERCADO,MAÑANA,671137.93,2151.083,1047.781,18290.25,58.623,140.99,708,705,23.5,12.73469387755102,0.07987220447284345,0.5,0.1,0.6939674242969884,249.13,0.02724012038569144,0.12059998321368824,0.04505763185469792,0.9059921936268346,8.10344827586207,0.14102564102564102
71,389,2023-01-02,2024-12-31,9983,25.663,25.495,18.0,124,1,262025.62,673.588,432.713,570.24,2754.04,17.63,67.791,69.328,261.42,11.44,24,5,9,LA PAZ,PIZZERIA,MAÑANA,679061.57,1745.66,1076.103,16795.52,43.176,188.43,729,729,24.3,15.375494071146244,0.06153846153846154,0.5,0.1,0.6414478170379551,249.98000000000002,0.024719178317474493,-0.020032523312692417,0.07479988959425897,0.8201347379765925,7.438775510204081,0.16452442159383032
72,385,2023-01-02,2024-12-29,9590,24.909,25.498,17.0,114,1,252510.03,655.87,448.595,560.64,2524.48,14.71,69.502,70.061,262.05,11.42,25,5,9,LA PAZ,PIZZERA,MAÑANA,149860.44,389.248,305.359,456.91,1.187,32.58,729,727,24.233333333333334,15.257595772787317,0.06476683937823834,0.5,0.1,0.6829281288535023,250.63000000000002,0.003041655562616593,-0.16232432510290626,-0.17464246424642466,0.8821998889089308,6.433628318584071,0.12987012987012986
73,381,2023-01-20,2024-12-23,9558,25.087,25.265,16.0,119,1,252679.61,663.201,436.304,549.0,2179.8,39.21,69.872,72.244,262.11,11.42,24,5,9,LA PAZ,SALTEÑERIA,MAÑANA,141098.69,370.338,340.601,791.67,2.078,61.68,711,703,23.433333333333334,15.593451568894952,0.06282722513089005,0.5,0.1,0.6568854909884206,250.69000000000003,0.005595979942801436,0.07584059192375091,0.11429481056988221,0.7966447877248783,6.4495412844036695,0.13385826771653545
74,315,2023-01-11,2024-12-30,7655,24.302,24.955,17.0,127,1,199028.43,631.836,462.41,499.72,2984.67,40.2,67.242,67.954,261.11,11.41,24,5,9,LA PAZ,PUESTO DE MERCADO,MAÑANA,625137.74,1984.564,884.178,16582.04,52.641,143.61,720,719,23.966666666666665,12.616822429906543,0.0759493670886076,0.5,0.1,0.7306948403693848,249.70000000000002,0.026511862624423083,0.05451122254333368,-0.010115606936416149,0.8050585254239233,8.170454545454545,0.12698412698412698
75,476,2023-01-05,2024-12-27,12205,25.641,26.375,18.0,129,1,311409.38,654.221,479.128,525.095,2517.36,20.46,70.812,73.351,260.23,11.58,25,5,9,LA PAZ,PUESTO DE MERCADO,MAÑANA,975624.76,2049.632,918.889,25648.27,53.883,137.89,726,722,24.066666666666666,18.98936170212766,0.05241090146750524,0.5,0.1,0.7312464038851013,248.65,0.026276289456128647,-0.048154145562853815,-0.033309369757967965,0.7861678356946092,6.067226890756302,0.14915966386554622
76,393,2023-01-09,2024-12-20,9017,22.944,23.9,14.0,115,1,245757.69,625.338,423.619,523.84,2281.45,18.42,72.812,75.043,262.44,11.42,24,5,9,LA PAZ,FRIAL,MAÑANA,1350995.44,3437.647,1563.482,40293.45,102.528,227.05,722,711,23.7,15.91093117408907,0.06091370558375635,0.5,0.1,0.6763424860059585,251.02,0.02981637836044235,-0.032374258025609656,-0.0647595095881799,0.7787119610254939,7.181818181818182,0.13994910941475827
77,305,2023-01-08,2024-12-24,7597,24.908,25.428,19.0,124,1,204242.54,669.648,482.812,556.68,3138.0,17.91,68.051,69.678,262.1,11.42,25,5,9,LA PAZ,FRIAL,MAÑANA,1057400.78,3466.888,1999.304,31172.88,102.206,276.46,723,716,23.866666666666667,12.265415549597854,0.08169934640522876,0.5,0.1,0.7199186458470017,250.68000000000004,0.029472116746561597,-0.008873126856922046,0.11641910879164982,0.7515068196630021,8.523809523809524,0.13442622950819672
78,390,2023-01-20,2024-12-22,9827,25.197,26.342,18.0,129,1,264368.31,677.867,487.789,543.68,3273.48,38.44,69.044,70.567,262.39,11.42,24,5,9,LA PAZ,FRIAL,MAÑANA,1326862.6,3402.212,1721.712,39648.98,101.664,232.11,711,702,23.4,15.98360655737705,0.061381074168797956,0.5,0.1,0.7185339690985126,250.97,0.029872955313979852,0.11158438913821456,0.08152510849349032,0.7854412973660168,6.104347826086957,0.11282051282051282
79,441,2023-01-04,2024-12-30,10745,24.365,25.411,17.0,129,1,288230.41,653.584,453.707,528.67,2690.94,64.32,71.766,75.457,262.19,11.43,25,5,9,LA PAZ,FRIAL,MAÑANA,1347477.38,3055.504,1621.308,39542.68,89.666,241.23,727,726,24.2,17.5,0.05656108597285068,0.5,0.1,0.6931226549992057,250.76,0.02933613042875128,0.03230503571630164,0.03130016051364367,0.7451284352386186,6.3130434782608695,0.13378684807256236
80,317,2023-01-10,2024-12-27,7435,23.454,23.369,16.0,126,1,200355.31,632.036,430.434,500.68,2569.14,102.44,68.571,69.041,262.44,11.5,25,5,9,LA PAZ,PUESTO DE MERCADO,MAÑANA,668808.65,2109.806,959.299,17929.95,56.561,150.33,721,717,23.9,12.730923694779117,0.07861635220125786,0.5,0.1,0.6799518510795596,250.94,0.026795925347947655,0.007366101546630246,-0.024249422632794514,0.763608047065174,7.17,0.12618296529968454
81,283,2023-01-02,2024-12-28,7268,25.682,25.215,20.0,110,1,194824.08,688.424,421.579,618.24,2279.2,74.8,71.003,70.757,258.56,11.43,24,5,9,LA PAZ,PIZZERIA,MAÑANA,585904.54,2070.334,1264.002,15473.2,54.676,177.0,729,726,24.2,11.230158730158731,0.08450704225352113,0.5,0.1,0.6114945229640976,247.13,0.026396515482293055,0.014604268645191263,-0.06239015817223198,0.8374864440785998,9.075,0.1696113074204947
82,384,2023-01-01,2024-12-23,9504,24.75,24.97,17.5,131,1,243495.04,634.102,443.332,522.21,2844.01,76.52,67.268,70.781,262.43,11.41,25,5,9,LA PAZ,PUESTO DE MERCADO,MAÑANA,831212.45,2164.616,988.899,22808.81,59.398,166.44,730,722,24.066666666666666,15.319148936170214,0.06493506493506493,0.5,0.1,0.6980485024452765,251.02,0.02742776189315188,0.3794470816517415,0.42624768946395564,0.862785120092314,7.009708737864078,0.13020833333333334
83,360,2023-02-20,2024-12-26,8776,24.378,24.109,20.0,122,1,241882.11,671.895,423.02,559.545,2677.2,40.1,72.407,75.407,261.12,11.47,25,5,9,LA PAZ,PUESTO DE MERCADO,MAÑANA,736555.19,2045.987,906.262,19801.6,55.004,171.9,680,675,22.5,15.319148936170214,0.06925207756232687,0.5,0.1,0.6286567740880821,249.65,0.026870712906335015,0.054964269707609,0.09587696335078548,0.846588305249256,6.75,0.14166666666666666
84,383,2023-01-04,2024-12-31,9551,24.937,25.081,16.0,119,1,252453.43,659.147,456.387,557.98,2460.92,15.13,66.902,71.322,261.1,11.41,25,5,9,LA PAZ,PUESTO DE MERCADO,MAÑANA,802747.63,2095.947,869.271,21739.11,56.76,159.1,727,727,24.233333333333334,15.178335535006605,0.06510416666666667,0.5,0.1,0.6913414739444396,249.69000000000003,0.02706792303286635,-0.049068140800439065,0.030420711974110125,0.8412311047712248,6.923809523809524,0.1174934725848564
85,423,2023-01-13,2024-12-29,11086,26.208,26.074,20.0,110,1,277948.96,657.09,472.997,513.55,2786.28,81.04,65.048,70.745,262.46,11.42,24,5,9,LA PAZ,PUESTO DE MERCADO,MAÑANA,786324.23,1858.923,852.352,19733.77,46.652,162.5,718,716,23.866666666666667,17.010723860589813,0.05660377358490566,0.5,0.1,0.7187421173395736,251.04,0.02508275880238053,-0.2334271521372133,-0.2127764127764127,0.7727300798368768,5.917355371900826,0.13711583924349882
86,398,2023-01-21,2024-12-31,9714,24.407,24.592,18.0,124,1,255332.73,641.54,468.459,490.24,2740.64,11.8,65.411,69.592,262.4,11.46,25,5,9,LA PAZ,PUESTO DE MERCADO,MAÑANA,834173.2,2095.913,1071.768,21969.93,55.201,181.46,710,710,23.666666666666668,16.135135135135133,0.06265664160401002,0.5,0.1,0.7290736763469979,250.93999999999997,0.02632488806164109,-0.12190874141973468,-0.19369369369369377,1.027003235465617,6.339285714285714,0.15829145728643215
87,342,2023-01-17,2024-12-29,8039,23.506,24.835,16.0,122,1,213727.98,624.936,438.554,513.015,2566.14,73.28,68.558,69.838,261.08,11.47,25,5,9,LA PAZ,PUESTO DE MERCADO,MAÑANA,665519.96,1945.965,814.356,17450.11,51.024,124.94,714,712,23.733333333333334,13.827493261455524,0.0728862973760933,0.5,0.1,0.7006371258403414,249.60999999999999,0.026206942600406274,-0.06317045559800767,0.024526198439242013,0.6393083221839003,7.739130434782608,0.1871345029239766
88,349,2023-01-29,2024-12-30,9210,26.39,27.644,19.0,131,1,245260.35,702.752,507.716,531.75,2837.25,82.47,69.666,70.252,261.51,11.5,24,5,9,LA PAZ,PUESTO DE MERCADO,MAÑANA,705572.28,2021.697,997.291,18716.06,53.628,149.72,702,701,23.366666666666667,14.322845417236662,0.06857142857142857,0.5,0.1,0.721441644215576,250.01,0.026513115904161624,-0.057355640297790854,-0.1400519780537106,0.7980276621362242,7.537634408602151,0.15759312320916904
89,227,2023-02-21,2024-12-25,6126,26.987,26.558,20.0,119,1,159913.7,704.466,485.228,562.65,2739.17,96.32,60.541,61.298,260.09,11.5,25,5,9,LA PAZ,PUESTO DE MERCADO,MAÑANA,430851.78,1898.025,810.541,11136.23,49.058,151.85,679,673,22.433333333333334,9.68705547652916,0.10964912280701754,0.5,0.1,0.6878120277943941,248.58999999999997,0.025833256539540026,0.10355745174986956,0.042947779404587556,0.741026135798638,9.614285714285714,0.15859030837004406
90,463,2023-01-03,2024-12-21,11436,24.7,24.876,18.0,127,1,300258.3,648.506,439.476,519.68,2536.89,71.16,71.063,71.46,262.45,11.41,25,5,9,LA PAZ,PUESTO DE MERCADO,MAÑANA,952420.83,2057.064,974.722,25522.03,55.123,161.96,728,718,23.933333333333334,18.56951871657754,0.05387931034482758,0.5,0.1,0.6766311627606212,251.04,0.026783909538284526,-0.03253022637540266,-0.02838063439065111,0.7602027119560323,5.885245901639344,0.11879049676025918
91,265,2023-01-14,2024-12-20,7180,27.094,24.971,23.0,107,1,182476.2,688.589,446.873,600.66,2163.0,20.74,61.775,68.292,261.91,11.5,24,5,9,LA PAZ,FRIAL,MAÑANA,818033.25,3086.918,1555.497,24017.44,90.632,289.23,717,706,23.533333333333335,10.801630434782608,0.09022556390977443,0.5,0.1,0.6480280282893143,250.41000000000003,0.029350520318220885,0.09461921893670355,0.022085889570552134,1.0136798132235088,10.085714285714285,0.17735849056603772
92,362,2023-01-01,2024-12-31,9385,25.925,26.617,16.0,112,1,261194.42,721.532,470.487,586.15,2767.52,102.75,72.864,70.501,260.84,11.44,24,5,9,LA PAZ,FRIAL,MAÑANA,1120435.27,3095.125,1725.049,33081.42,91.385,266.75,730,730,24.333333333333332,14.289473684210527,0.06611570247933884,0.5,0.1,0.6511642390925246,249.39999999999998,0.029515927167023295,0.07358388118779241,0.19329456038316792,0.8774870204592089,7.684210526315789,0.17403314917127072
93,270,2023-01-22,2024-12-31,6917,25.619,26.014,20.0,126,1,184960.29,685.038,475.372,559.12,2296.98,19.79,68.943,71.196,259.85,11.45,25,5,9,LA PAZ,FRIAL,MAÑANA,895365.57,3316.169,1830.088,26648.03,98.696,281.11,709,709,23.633333333333333,10.960757780784844,0.09225092250922509,0.5,0.1,0.6929237155959291,248.40000000000003,0.02975308161869353,0.11882318316278145,0.11586206896551712,0.7491691477521544,9.328947368421053,0.12962962962962962
94,417,2023-01-03,2024-12-31,10645,25.528,25.539,19.0,134,1,284121.48,681.346,465.89,592.85,2626.4,33.72,69.494,72.637,260.94,11.51,25,5,9,LA PAZ,PIZZERIA,MAÑANA,809815.92,1942.005,1046.649,20987.66,50.33,180.48,728,728,24.266666666666666,16.503957783641162,0.05980861244019139,0.5,0.1,0.6827767730740709,249.43,0.025903175750963067,-0.023782490877506106,-0.053786459727053745,0.9603885152036492,6.7407407407407405,0.1630695443645084
95,447,2023-01-07,2024-12-22,10609,23.734,25.99,14.0,129,1,281161.8,628.997,477.395,488.48,2492.28,11.94,69.756,70.843,262.18,11.42,25,5,9,LA PAZ,FRIAL,MAÑANA,1479745.61,3310.393,1772.214,43859.59,98.12,272.76,724,715,23.833333333333332,18.0,0.05580357142857143,0.5,0.1,0.75777344971484,250.76000000000002,0.02963103443173311,-0.18697722394508673,-0.190104801364855,0.750133933642499,6.008403361344538,0.14317673378076062
96,447,2023-01-02,2024-12-24,10321,23.089,23.745,17.0,134,1,277859.76,621.61,426.289,505.04,2762.22,72.56,68.716,68.92,261.39,11.43,25,5,9,LA PAZ,RESTAURANTE,MAÑANA,456290.18,1020.783,731.431,7789.93,17.427,117.54,729,722,24.066666666666666,17.83244680851064,0.05580357142857143,0.5,0.1,0.6846806186858547,249.95999999999998,0.01705548046894497,0.16810917305475956,0.17337461300309598,0.750304373065933,6.016666666666667,0.17002237136465326
97,341,2023-01-04,2024-12-31,8702,25.519,24.938,21.0,119,1,222420.24,652.259,437.542,549.44,2637.55,49.12,65.005,68.597,261.72,11.52,25,5,9,LA PAZ,PUESTO DE MERCADO,MAÑANA,752729.84,2207.419,956.384,20718.28,60.757,178.67,727,727,24.233333333333334,13.513870541611624,0.07309941520467836,0.5,0.1,0.6697833477992648,250.20000000000002,0.02751153653360164,-0.019614653736294358,-0.008090614886731412,0.9680717608486735,7.652631578947369,0.1906158357771261
98,365,2023-01-01,2024-12-31,8863,24.282,24.15,18.0,132,1,231017.77,632.925,423.278,523.78,3182.52,19.49,70.076,72.602,262.29,11.56,24,5,9,LA PAZ,PUESTO DE MERCADO,MAÑANA,796602.34,2182.472,909.626,21781.37,59.675,132.5,730,730,24.333333333333332,14.407894736842106,0.06557377049180328,0.5,0.1,0.6677099025910006,250.73000000000002,0.027330325280104345,-0.005300752542419586,0.04761904761904753,0.8105583451657716,7.448979591836735,0.12054794520547946
99,432,2023-01-09,2024-12-27,10549,24.419,24.412,18.0,120,1,270945.38,627.188,431.693,511.98,2449.2,57.06,67.81,70.331,261.96,11.4,24,5,9,LA PAZ,FRIAL,MAÑANA,1396278.97,3232.127,1705.423,41057.37,95.04,251.83,722,718,23.933333333333334,17.326203208556148,0.05542725173210162,0.5,0.1,0.687203512324336,250.55999999999997,0.029395690302298674,-0.17870035714842497,-0.16125000000000003,0.7254179076336549,6.243478260869566,0.1388888888888889
100,240,2023-01-21,2024-12-14,5838,24.325,24.867,16.0,119,1,145163.32,604.847,426.984,508.38,2540.65,57.48,67.899,71.745,262.25,11.63,23,4,9,LA PAZ,PUESTO DE MERCADO,MAÑANA,507848.53,2116.036,1013.005,13499.72,56.249,150.79,710,693,23.1,9.95850622406639,0.0954356846473029,0.4,0.1,0.704771996890304,250.62,0.02656969461076713,-0.13457881759918958,-0.13694721825962916,0.6945782519921628,9.9,0.10833333333333334
101,276,2023-01-03,2024-12-29,7247,26.257,27.779,15.0,134,1,193559.18,701.301,521.5,544.7,2711.1,58.28,68.28,68.471,262.41,11.49,24,5,9,LA PAZ,PIZZERIA,MAÑANA,552068.22,2000.247,1139.523,14463.36,52.403,159.09,728,726,24.2,10.952380952380953,0.08664259927797834,0.5,0.1,0.7425591021513567,250.92000000000002,0.02618517354429513,-0.13197953902483572,-0.20807566387777368,0.8024795348593551,8.44186046511628,0.13405797101449277
102,299,2023-01-03,2024-12-28,7363,24.625,25.414,16.0,124,1,199624.19,667.639,475.249,582.33,3145.88,48.52,70.406,71.82,262.03,11.4,24,5,9,LA PAZ,PIZZERIA,MAÑANA,517520.59,1730.838,1149.552,13109.8,43.845,178.01,728,725,24.166666666666668,11.880794701986755,0.08,0.5,0.1,0.7107706849286386,250.62999999999997,0.025317033117416295,-0.06707959200898572,-0.11252268602540837,0.8200465591235442,8.630952380952381,0.12374581939799331
103,226,2023-01-23,2024-12-31,5396,23.876,25.073,16.0,112,1,145545.68,644.007,418.949,542.5,2307.36,82.0,73.766,73.263,261.89,11.62,23,4,9,El ALTO,PIZZERIA,MAÑANA,433753.14,1919.262,998.634,11653.85,51.566,141.31,708,708,23.6,9.186991869918698,0.1013215859030837,0.4,0.1,0.6495262842108691,250.26999999999998,0.026853627265446073,-0.029659305671073076,-0.01800847457627118,0.8198612371823809,10.26086956521739,0.18141592920353983
104,423,2023-01-21,2024-12-30,10835,25.615,24.915,19.0,119,1,281622.45,665.774,448.913,553.35,2532.66,81.98,65.304,68.71,262.34,11.43,24,5,9,El ALTO,PIZZERIA,TARDE,830314.42,1962.918,1157.379,22072.74,52.181,155.05,710,709,23.633333333333333,17.171853856562922,0.05660377358490566,0.5,0.1,0.6732611049621011,250.90999999999997,0.026569846602556724,0.14282330334610602,0.1598227474150664,0.8636461913274759,5.859504132231405,0.15602836879432624
105,373,2023-01-03,2024-12-29,9731,26.088,26.563,18.0,117,1,257154.63,689.423,480.489,545.74,2728.5,71.45,69.92,73.994,262.04,11.43,24,5,9,LA PAZ,PIZZERIA,TARDE,607511.96,1628.718,1062.534,14398.08,38.601,160.29,728,726,24.2,14.801587301587302,0.06417112299465241,0.5,0.1,0.6959342316232222,250.61,0.023685692862200698,0.03146470303266983,0.031843412211510366,0.8403310651219948,6.914285714285715,0.128686327077748
106,410,2023-01-06,2024-12-29,11294,27.546,28.776,18.0,126,1,286672.38,699.201,532.187,558.465,3177.72,18.66,66.351,67.962,261.83,11.42,24,5,9,El ALTO,HAMBURGUESERIA,MAÑANA,290617.41,708.823,509.751,3212.01,7.834,74.97,725,723,24.1,16.334661354581673,0.058394160583941604,0.5,0.1,0.7600489002443584,250.41,0.01103655418322596,0.0368187127390311,0.04228660924040721,0.7667157293498457,7.019417475728155,0.14634146341463414
107,411,2023-01-04,2024-12-28,10075,24.513,24.669,18.0,112,1,266359.84,648.077,440.863,547.4,2189.46,45.12,69.343,73.096,262.42,11.44,23,4,9,COPACABANA,PUESTO DE MERCADO,MAÑANA,844041.18,2053.628,1003.176,22034.4,53.612,154.26,727,724,24.133333333333333,16.352785145888596,0.055825242718446605,0.4,0.1,0.6792152548927168,250.98000000000002,0.026093287933387454,-0.016677102776080713,-0.08261713335181581,0.8558885858658241,6.2956521739130435,0.14841849148418493
108,409,2023-01-06,2024-12-23,9508,23.247,23.501,16.0,112,1,258122.79,631.107,421.822,534.24,2325.12,40.32,71.502,73.827,262.43,11.51,23,4,9,COPACABANA,PUESTO DE MERCADO,MAÑANA,856138.97,2093.249,903.017,23108.5,56.5,139.73,725,717,23.9,16.42570281124498,0.05609756097560976,0.4,0.1,0.6673268924406786,250.92000000000002,0.026978644850731696,-0.014374240656306792,-0.06296296296296296,0.7911055555435134,6.764150943396227,0.1466992665036675
109,250,2023-01-04,2024-12-19,6461,25.844,24.411,19.0,107,1,167210.23,668.841,432.24,565.81,2104.26,13.84,64.507,67.826,257.41,11.46,25,5,9,COPACABANA,PUESTO DE MERCADO,MAÑANA,489076.06,1956.304,992.095,12813.66,51.255,163.0,727,715,23.833333333333332,10.067114093959733,0.099601593625498,0.5,0.1,0.6452874637413953,245.95000000000002,0.026186530043365772,0.09737046536774119,-0.045592705167173245,0.816051872714581,9.930555555555555,0.136
110,356,2023-01-24,2024-12-28,8941,25.115,25.792,15.0,126,1,229251.8,643.966,470.575,521.32,3286.08,11.94,68.058,71.27,262.41,11.47,24,5,9,COPACABANA,PUESTO DE MERCADO,MAÑANA,724009.39,2033.734,905.351,19000.67,53.373,148.69,707,704,23.466666666666665,14.55040871934605,0.06722689075630252,0.5,0.1,0.7296121035837547,250.94000000000003,0.026230947141002214,0.012012935346789867,0.04123341699533878,0.817748702710864,6.901960784313726,0.14325842696629212
111,354,2023-01-12,2024-12-27,8164,23.062,22.304,16.0,100,1,221134.61,624.674,395.556,521.86,2032.28,63.45,68.454,70.446,261.69,11.44,24,5,9,CARANAVI,PIZZERIA,MAÑANA,606787.38,1714.089,1172.712,15215.68,42.982,199.72,719,715,23.833333333333332,14.25503355704698,0.0676056338028169,0.5,0.1,0.6322078270792777,250.25,0.025061090124185975,-0.12347463648198917,-0.06750914532756902,0.7180535413555367,7.15,0.14124293785310735
112,204,2023-01-02,2024-07-11,5110,25.049,26.216,17.0,117,1,135276.63,663.121,472.989,533.56,2567.07,19.24,72.626,76.322,261.9,11.51,23,4,9,CARANAVI,PIZZERIA,MAÑANA,403869.31,1979.752,1222.749,10459.93,51.274,180.77,729,556,18.533333333333335,10.443686006825939,0.11219512195121951,0.4,0.1,0.7122030473362535,250.39,0.02588612809680364,-0.05926985297997215,-0.1266106442577031,0.843684679566732,11.346938775510203,0.14705882352941177
